fold,rank,residue
0,1,TYR416.A
0,2,TYR408.A
0,3,PHE390.A
0,4,PHE389.A
0,5,PHE189.A
0,6,TRP100.A
0,7,TRP386.A
0,8,HIS393.A
0,9,LEU94.A
0,10,VAL91.A
0,11,PHE110.A
0,12,ASP114.A
0,13,VAL115.A
0,14,TRP413.A
0,15,SER193.A
1,1,TYR416.A
1,2,TYR408.A
1,3,PHE390.A
1,4,PHE389.A
1,5,PHE189.A
1,6,TRP100.A
1,7,TRP386.A
1,8,HIS393.A
1,9,LEU94.A
1,10,VAL91.A
1,11,PHE110.A
1,12,ASP114.A
1,13,VAL115.A
1,14,TRP413.A
1,15,SER193.A
2,1,TYR416.A
2,2,TYR408.A
2,3,PHE390.A
2,4,PHE389.A
2,5,PHE189.A
2,6,TRP100.A
2,7,TRP386.A
2,8,HIS393.A
2,9,LEU94.A
2,10,VAL91.A
2,11,PHE110.A
2,12,VAL115.A
2,13,ASP114.A
2,14,TRP413.A
2,15,ILE184.A
3,1,TYR416.A
3,2,TYR408.A
3,3,PHE390.A
3,4,PHE389.A
3,5,PHE189.A
3,6,TRP386.A
3,7,TRP100.A
3,8,LEU94.A
3,9,VAL91.A
3,10,HIS393.A
3,11,PHE110.A
3,12,ASP114.A
3,13,VAL115.A
3,14,TRP413.A
3,15,ILE184.A
4,1,TYR416.A
4,2,TYR408.A
4,3,PHE390.A
4,4,PHE389.A
4,5,PHE189.A
4,6,TRP100.A
4,7,TRP386.A
4,8,HIS393.A
4,9,VAL91.A
4,10,LEU94.A
4,11,PHE110.A
4,12,ASP114.A
4,13,VAL115.A
4,14,TRP413.A
4,15,SER193.A
